total_train_time_seconds,mean_reward,std_reward,success_rate
90.8962709903717,249.50406323295994,30.335134114460836,95.0
