metric,PPO,BC
mean_reward,236.42981351390287,236.30148181556353
std_reward,46.04869669011685,51.25037135202587
mean_length,376.78,379.39
success_rate,90.0,88.0
